Subject,Entry,Phoneme Count
S4ONCNYZ0,aardvark,7
S4ONCNYZ0,elephant,7
S4ONCNYZ0,lion,4
S4ONCNYZ0,tiger,4
S4ONCNYZ0,kangaroo,6
S4ONCNYZ0,camel,5
S4ONCNYZ0,cat,3
S4ONCNYZ0,dog,3
S4ONCNYZ0,frog,4
S4ONCNYZ0,gerbil,NA
S4ONCNYZ0,hamster,6
S4ONCNYZ0,rabbit,5
S4ONCNYZ0,zebra,5
S4ONCNYZ0,bear,3
S4ONCNYZ0,wolf,4
S4ONCNYZ0,lemur,4
S4ONCNYZ0,bird,3
S4ONCNYZ0,tortoise,6
S4ONCNYZ0,turtle,5
S4ONCNYZ0,fish,3
S4ONCNYZ0,whale,3
S4ONCNYZ0,dolphin,6
S4ONCNYZ0,seahorse,NA
SE01I28HZ,elephant,7
SE01I28HZ,antelope,7
SE01I28HZ,lion,4
SE01I28HZ,tiger,4
SE01I28HZ,bear,3
SE01I28HZ,dog,3
SE01I28HZ,cat,3
SE01I28HZ,mouse,3
SE01I28HZ,rat,3
SE01I28HZ,bat,3
SE01I28HZ,monkey,5
SE01I28HZ,gorilla,5
SE01I28HZ,cow,2
SE01I28HZ,horse,4
SE01I28HZ,donkey,5
SE01I28HZ,goat,3
SE01I28HZ,pig,3
SE01I28HZ,chicken,5
SE01I28HZ,zebra,5
SE01I28HZ,fox,4
SE01I28HZ,wolf,4
SE01I28HZ,polarbear,NA
SE01I28HZ,lynx,5
SE01I28HZ,cevit,NA
SGIS9NQLO,cat,3
SGIS9NQLO,dog,3
SGIS9NQLO,bird,3
SGIS9NQLO,fish,3
SGIS9NQLO,bear,3
SGIS9NQLO,monkey,5
SGIS9NQLO,rhinoceros,8
SGIS9NQLO,zebra,5
SGIS9NQLO,giraffe,4
SGIS9NQLO,wolf,4
SGIS9NQLO,bison,5
SGIS9NQLO,owl,2
SGIS9NQLO,wolf,4
SGIS9NQLO,panda,5
S5GIJW0G0,dog,3
S5GIJW0G0,cat,3
S5GIJW0G0,lion,4
S5GIJW0G0,cheetah,4
S5GIJW0G0,elephant,7
S5GIJW0G0,hippopotomus,NA
S5GIJW0G0,goat,3
S5GIJW0G0,horse,4
S5GIJW0G0,donkey,5
S5GIJW0G0,bear,3
S5GIJW0G0,cow,2
S5GIJW0G0,pig,3
S5GIJW0G0,zebra,5
S5GIJW0G0,sheep,3
S5GIJW0G0,lamb,3
S5GIJW0G0,monkey,5
S5GIJW0G0,gorilla,5
S5GIJW0G0,hippopotomus,NA
S5GIJW0G0,turtle,5
S5Y72EHLM,lions,5
S5Y72EHLM,tigers,5
S5Y72EHLM,bears,4
S5Y72EHLM,mouse,3
S5Y72EHLM,cat,3
S5Y72EHLM,dog,3
S5Y72EHLM,horse,4
S5Y72EHLM,zebra,5
S5Y72EHLM,gorilla,5
S5Y72EHLM,monkey,5
S5Y72EHLM,zebra,5
S5Y72EHLM,whales,4
S5Y72EHLM,dolphins,7
S5Y72EHLM,frogs,5
S5Y72EHLM,tadpoles,7
S5Y72EHLM,flies,4
S5Y72EHLM,mosquitos,8
S5Y72EHLM,bees,3
S5Y72EHLM,hornets,7
S5Y72EHLM,elephants,8
S5Y72EHLM,antelope,7
SR60YUOZ4,elephant,7
SR60YUOZ4,lion,4
SR60YUOZ4,giraffe,4
SR60YUOZ4,bear,3
SR60YUOZ4,cat,3
SR60YUOZ4,dog,3
SR60YUOZ4,turtle,5
SR60YUOZ4,fish,3
SR60YUOZ4,aardvark,7
SR60YUOZ4,amarillo,6
SR60YUOZ4,ostrich,6
SR60YUOZ4,kangaroo,6
SR60YUOZ4,alligator,7
SR60YUOZ4,crocodile,8
SR60YUOZ4,snake,4
SR60YUOZ4,monkey,5
SR60YUOZ4,gorilla,5
SR60YUOZ4,orangutan,8
SR60YUOZ4,horse,4
SR60YUOZ4,pig,3
SR60YUOZ4,cow,2
SR60YUOZ4,chicken,5
SP3FHVV4Q,cat,3
SP3FHVV4Q,dog,3
SP3FHVV4Q,frog,4
SP3FHVV4Q,turtle,5
SP3FHVV4Q,ant,3
SP3FHVV4Q,bee,2
SP3FHVV4Q,giraffe,4
SP3FHVV4Q,elephant,7
SP3FHVV4Q,tiger,4
SP3FHVV4Q,lion,4
SP3FHVV4Q,panda,5
SP3FHVV4Q,bear,3
SP3FHVV4Q,alligator,7
SP3FHVV4Q,crocodile,8
SP3FHVV4Q,snake,4
SP3FHVV4Q,lizard,5
SP3FHVV4Q,dragon,6
SP3FHVV4Q,bird,3
SP3FHVV4Q,gorilla,5
SP3FHVV4Q,ape,2
SP3FHVV4Q,monkey,5
SP3FHVV4Q,chimpanzee,8
SP3FHVV4Q,jaguar,6
SP3FHVV4Q,raccoon,5
SP3FHVV4Q,squirrel,6
S7DMEYVY5,ape,2
S7DMEYVY5,bear,3
S7DMEYVY5,baboon,5
S7DMEYVY5,cat,3
S7DMEYVY5,dog,3
S7DMEYVY5,elephant,7
S7DMEYVY5,frog,4
S7DMEYVY5,giraffe,4
S7DMEYVY5,gorilla,5
S7DMEYVY5,hyena,5
S7DMEYVY5,jackal,5
S7DMEYVY5,lion,4
S7DMEYVY5,monkey,5
S7DMEYVY5,duck,3
S7DMEYVY5,geese,3
S7DMEYVY5,pig,3
S7DMEYVY5,horse,4
S7DMEYVY5,goat,3
S7DMEYVY5,zebra,5
S7DMEYVY5,yak,3
S7DMEYVY5,tiger,4
SYW83L438,elephants,8
SYW83L438,tigers,5
SYW83L438,groundhogs,NA
SYW83L438,giraffes,5
SYW83L438,hippopotamuses,13
SYW83L438,cats,4
SYW83L438,dogs,4
SYW83L438,buffalos,7
SYW83L438,squirrels,7
SYW83L438,racoons,NA
SYW83L438,deer,3
SYW83L438,fox,4
SYW83L438,bass,3
SYW83L438,trout,4
SYW83L438,sharks,5
SYW83L438,turtles,6
SYW83L438,whales,4
SYW83L438,starfish,7
SYW83L438,jellyfish,7
SYW83L438,snakes,5
SYW83L438,rattlesnakes,10
SYW83L438,copperheads,8
SYW83L438,horses,6
SYW83L438,donkeys,6
SYW83L438,mules,5
SYW83L438,eagles,5
SYW83L438,hawks,4
SYW83L438,pigeons,6
SYW83L438,crows,4
SN25GCWOU,cat,3
SN25GCWOU,dog,3
SN25GCWOU,lion,4
SN25GCWOU,tiger,4
SN25GCWOU,bear,3
SN25GCWOU,polarbear,NA
SN25GCWOU,snakes,5
SN25GCWOU,squirrels,7
SN25GCWOU,chipmunks,NA
SN25GCWOU,fish,3
SN25GCWOU,sharks,5
SN25GCWOU,giraffe,4
SN25GCWOU,monkeys,6
SN25GCWOU,elephants,8
SN25GCWOU,pandabears,NA
SN25GCWOU,butterflies,8
SHJ7JVLTQ,dog,3
SHJ7JVLTQ,cat,3
SHJ7JVLTQ,rat,3
SHJ7JVLTQ,rabbit,5
SHJ7JVLTQ,rhinocerous,NA
SHJ7JVLTQ,giraffe,4
SHJ7JVLTQ,lion,4
SHJ7JVLTQ,tiger,4
SHJ7JVLTQ,bear,3
SHJ7JVLTQ,deer,3
SHJ7JVLTQ,alligator,7
SHJ7JVLTQ,racoon,NA
SHJ7JVLTQ,possum,5
SHJ7JVLTQ,zebra,5
SHJ7JVLTQ,horse,4
S83OXWG2O,cat,3
S83OXWG2O,dog,3
S83OXWG2O,bird,3
S83OXWG2O,zebra,5
S83OXWG2O,giraffe,4
S83OXWG2O,lion,4
S83OXWG2O,racoon,NA
S83OXWG2O,squirrel,6
S83OXWG2O,chipmunk,NA
S83OXWG2O,rat,3
S83OXWG2O,mouse,3
S83OXWG2O,horse,4
S83OXWG2O,donkey,5
S83OXWG2O,mule,4
S83OXWG2O,chicken,5
S83OXWG2O,goose,3
S83OXWG2O,duck,3
S83OXWG2O,fox,4
S83OXWG2O,coyote,5
S83OXWG2O,eagle,4
S83OXWG2O,robin,5
S83OXWG2O,redbird,6
S83OXWG2O,bluejay,5
S83OXWG2O,possum,5
SWZ5G0EFP,cat,3
SWZ5G0EFP,dog,3
SWZ5G0EFP,horse,4
SWZ5G0EFP,cow,2
SWZ5G0EFP,chicken,5
SWZ5G0EFP,giraffe,4
SWZ5G0EFP,bear,3
SWZ5G0EFP,monkey,5
SWZ5G0EFP,dog,3
SWZ5G0EFP,lion,4
SWZ5G0EFP,camel,5
SWZ5G0EFP,pig,3
SWZ5G0EFP,steer,4
SWZ5G0EFP,hippo,4
SWZ5G0EFP,penguin,7
SWZ5G0EFP,seal,3
SWZ5G0EFP,walrus,6
SX5UK9SYZ,cats,4
SX5UK9SYZ,dogs,4
SX5UK9SYZ,turtles,6
SX5UK9SYZ,birds,4
SX5UK9SYZ,monkeys,6
SX5UK9SYZ,lizards,6
SX5UK9SYZ,foxes,6
SX5UK9SYZ,racoons,NA
SX5UK9SYZ,possums,6
SX5UK9SYZ,squirrels,7
SX5UK9SYZ,deers,NA
SX5UK9SYZ,zebras,6
SX5UK9SYZ,elephants,8
SX5UK9SYZ,camels,6
SX5UK9SYZ,bunnies,5
SX5UK9SYZ,hamsters,7
SX5UK9SYZ,mice,3
SX5UK9SYZ,rats,4
SX5UK9SYZ,chipmunks,NA
SX5UK9SYZ,lions,5
SX5UK9SYZ,tigers,5
SX5UK9SYZ,bears,4
SIG7MSDA3,cat,3
SIG7MSDA3,dog,3
SIG7MSDA3,elephant,7
SIG7MSDA3,giraffe,4
SIG7MSDA3,antelope,7
SIG7MSDA3,bird,3
SIG7MSDA3,turtle,5
SIG7MSDA3,lizard,5
SIG7MSDA3,whale,3
SIG7MSDA3,fish,3
SIG7MSDA3,squid,5
SIG7MSDA3,octopus,7
SIG7MSDA3,cheetah,4
SIG7MSDA3,lion,4
SIG7MSDA3,hyena,5
SIG7MSDA3,deer,3
SIG7MSDA3,antelope,7
SIG7MSDA3,moose,3
SIG7MSDA3,weasel,5
SIG7MSDA3,vole,NA
SIG7MSDA3,mole,3
SIG7MSDA3,mouse,3
SIG7MSDA3,rat,3
SIG7MSDA3,kangaroo,6
SIG7MSDA3,possum,5
SIG7MSDA3,fox,4
SIG7MSDA3,deer,3
S3YPXKTC2,cat,3
S3YPXKTC2,dog,3
S3YPXKTC2,bird,3
S3YPXKTC2,lion,4
S3YPXKTC2,tiger,4
S3YPXKTC2,elephant,7
S3YPXKTC2,giraffe,4
S3YPXKTC2,dolphin,6
S3YPXKTC2,whale,3
S3YPXKTC2,shark,4
S3YPXKTC2,wolf,4
S3YPXKTC2,fox,4
S3YPXKTC2,panthers,6
S3YPXKTC2,leopard,5
S3YPXKTC2,gazelle,5
S3YPXKTC2,deer,3
S3YPXKTC2,squirrel,6
S3YPXKTC2,rabbit,5
S3YPXKTC2,turkey,4
S3YPXKTC2,quail,4
S3YPXKTC2,pheasant,6
S3YPXKTC2,zebra,5
S3YPXKTC2,lock? That's it,NA
S3YPXKTC2,buffalo,6
S3YPXKTC2,cow,2
S3YPXKTC2,chicken,5
S3YPXKTC2,steer,4
S9VTKHUBM,birds,4
S9VTKHUBM,cats,4
S9VTKHUBM,dogs,4
S9VTKHUBM,horses,6
S9VTKHUBM,cats,4
S9VTKHUBM,goats,4
S9VTKHUBM,sheep,3
S9VTKHUBM,cars,4
S9VTKHUBM,chickens,6
S9VTKHUBM,turkeys,5
S9VTKHUBM,hens,4
S9VTKHUBM,lion,4
S9VTKHUBM,tiger,4
S9VTKHUBM,hyena,5
S9VTKHUBM,zebra,5
S9VTKHUBM,elephant,7
S9VTKHUBM,back,3
S9VTKHUBM,caterpillar,8
S9VTKHUBM,snakes,5
S9VTKHUBM,hyenas,6
S9VTKHUBM,rhinocerosos,NA
S9VTKHUBM,hippopotamus,11
S9VTKHUBM,donkeys,6
S9VTKHUBM,pigs,4
S9VTKHUBM,earthworms,6
S9VTKHUBM,spiders,6
S9VTKHUBM,fleas,4
S9VTKHUBM,ants,4
SFH59NPW6,alligator,7
SFH59NPW6,bat,3
SFH59NPW6,cat,3
SFH59NPW6,dog,3
SFH59NPW6,elephant,7
SFH59NPW6,tiger,4
SFH59NPW6,fish,3
SFH59NPW6,bear,3
SFH59NPW6,raccoon,5
SFH59NPW6,squirrel,6
SFH59NPW6,bird,3
SFH59NPW6,turtle,5
SFH59NPW6,crocodile,8
SFH59NPW6,lion,4
SFH59NPW6,zebra,5
SFH59NPW6,chipmunks,NA
SFH59NPW6,foxes,6
SFH59NPW6,lynx,5
SFH59NPW6,mountain lions,NA
SFH59NPW6,dolphins,7
SFH59NPW6,lizards,6
SFH59NPW6,lynx,5
SFH59NPW6,polar bears,NA
SJYHRIGGJ,dog,3
SJYHRIGGJ,cat,3
SJYHRIGGJ,bear,3
SJYHRIGGJ,wolf,4
SJYHRIGGJ,groundhog,8
SJYHRIGGJ,mouse,3
SJYHRIGGJ,squirrel,6
SJYHRIGGJ,racoon,NA
SJYHRIGGJ,wolf,4
SJYHRIGGJ,coyote,5
SJYHRIGGJ,lion,4
SJYHRIGGJ,tiger,4
SJYHRIGGJ,elephant,7
SJYHRIGGJ,hippopotamus,11
SJYHRIGGJ,alligator,7
SJYHRIGGJ,birds,4
SJYHRIGGJ,hamsters,7
SXWZ62JMK,dog,3
SXWZ62JMK,cat,3
SXWZ62JMK,horse,4
SXWZ62JMK,camel,5
SXWZ62JMK,rattlesnake,9
SXWZ62JMK,cobra,5
SXWZ62JMK,wooly mammal,NA
SXWZ62JMK,elephant,7
SXWZ62JMK,mastodon,8
SXWZ62JMK,human being,NA
SXWZ62JMK,monkey,5
SXWZ62JMK,chimpanzee,8
SXWZ62JMK,chicken,5
SXWZ62JMK,rooster,5
SXWZ62JMK,cow,2
SXWZ62JMK,sheep,3
SXWZ62JMK,goat,3
SXWZ62JMK,frog,4
SXWZ62JMK,carp,4
SXWZ62JMK,salmon,5
SXWZ62JMK,whale,3
SYZGYWZ5T,cat,3
SYZGYWZ5T,dog,3
SYZGYWZ5T,zebra,5
SYZGYWZ5T,elephant,7
SYZGYWZ5T,cheetah,4
SYZGYWZ5T,monkey,5
SYZGYWZ5T,wolf,4
SYZGYWZ5T,lion,4
SYZGYWZ5T,zebra,5
SYZGYWZ5T,elephant,7
SYZGYWZ5T,parrot,5
SYZGYWZ5T,wolf,4
SYZGYWZ5T,panda,5
SYZGYWZ5T,giraffe,4
SYZGYWZ5T,hippopotamus,11
SYZGYWZ5T,monkey,5
SYZGYWZ5T,penguin,7
SYZGYWZ5T,alligator,7
SYZGYWZ5T,crocodile,8
SXIWNF0AZ,monkey,5
SXIWNF0AZ,hippopotamus,11
SXIWNF0AZ,snake,4
SXIWNF0AZ,bear,3
SXIWNF0AZ,cat,3
SXIWNF0AZ,dog,3
SXIWNF0AZ,hippo,4
SXIWNF0AZ,horse,4
SXIWNF0AZ,rhinoceros,8
SXIWNF0AZ,chimpanzee,8
SXIWNF0AZ,gorilla,5
SXIWNF0AZ,zebra,5
SXIWNF0AZ,kangaroo,6
SXIWNF0AZ,rabbit,5
SXIWNF0AZ,turtle,5
SXIWNF0AZ,toad,3
SXIWNF0AZ,frog,4
SXIWNF0AZ,bird,3
SXIWNF0AZ,hawk,3
SXIWNF0AZ,dolphin,6
SXIWNF0AZ,mammal,5
SXIWNF0AZ,whale,3
SQ2Z0UGZT,cat,3
SQ2Z0UGZT,dog,3
SQ2Z0UGZT,turtle,5
SQ2Z0UGZT,poodle,5
SQ2Z0UGZT,cat,3
SQ2Z0UGZT,dog,3
SQ2Z0UGZT,horse,4
SQ2Z0UGZT,turtle,5
SQ2Z0UGZT,hippopotamus,11
SQ2Z0UGZT,rat,3
SQ2Z0UGZT,racoon,NA
SQ2Z0UGZT,tiger,4
SQ2Z0UGZT,lion,4
SQ2Z0UGZT,crocodile,8
SQ2Z0UGZT,squid,5
SQ2Z0UGZT,fish,3
SQ2Z0UGZT,shark,4
SF342QT8Y,lion,4
SF342QT8Y,zebra,5
SF342QT8Y,wolf,4
SF342QT8Y,dog,3
SF342QT8Y,cat,3
SF342QT8Y,elephant,7
SF342QT8Y,deer,3
SF342QT8Y,bear,3
SF342QT8Y,fox,4
SF342QT8Y,kangaroo,6
SF342QT8Y,tiger,4
SF342QT8Y,penguin,7
SF342QT8Y,monkey,5
SF342QT8Y,gorilla,5
SF342QT8Y,ape,2
SF342QT8Y,racoon,NA
SF342QT8Y,possum,5
SF342QT8Y,pig,3
SF342QT8Y,horse,4
S6BDJ6EYH,zebra,5
S6BDJ6EYH,elephant,7
S6BDJ6EYH,gorilla,5
S6BDJ6EYH,cat,3
S6BDJ6EYH,dog,3
S6BDJ6EYH,mouse,3
S6BDJ6EYH,lion,4
S6BDJ6EYH,cheetah,4
S6BDJ6EYH,giraffes,5
S6BDJ6EYH,pig,3
S6BDJ6EYH,chicken,5
S6BDJ6EYH,horse,4
S6BDJ6EYH,donkey,5
S6BDJ6EYH,eagle,4
S6BDJ6EYH,duck,3
S6BDJ6EYH,fowl,3
S6BDJ6EYH,squirrel,6
S6BDJ6EYH,beaver,4
S6BDJ6EYH,llama,4
S6BDJ6EYH,tiger,4
S6BDJ6EYH,buffalo,6
S6BDJ6EYH,moose,3
SYUR4FGQ1,dog,3
SYUR4FGQ1,cat,3
SYUR4FGQ1,horse,4
SYUR4FGQ1,cow,2
SYUR4FGQ1,moose,3
SYUR4FGQ1,rhinocerous,NA
SYUR4FGQ1,elephant,7
SYUR4FGQ1,giraffe,4
SYUR4FGQ1,guinea pig,NA
SYUR4FGQ1,bird,3
SYUR4FGQ1,squirrel,6
SYUR4FGQ1,rhinoceros,8
SYUR4FGQ1,iguana,6
SYUR4FGQ1,pony,4
SGTR2Q6BB,cat,3
SGTR2Q6BB,dog,3
SGTR2Q6BB,bird,3
SGTR2Q6BB,fish,3
SGTR2Q6BB,llama,4
SGTR2Q6BB,camel,5
SGTR2Q6BB,jaguar,6
SGTR2Q6BB,panther,5
SGTR2Q6BB,elephant,7
SGTR2Q6BB,giraffe,4
SGTR2Q6BB,cow,2
SGTR2Q6BB,horse,4
SGTR2Q6BB,goldfish,7
SGTR2Q6BB,pheasants,7
SGTR2Q6BB,fox,4
SGTR2Q6BB,deer,3
SGTR2Q6BB,bison,5
SGTR2Q6BB,turtles,6
SGTR2Q6BB,hippos,5
SGTR2Q6BB,lions,5
SGTR2Q6BB,monkeys,6
SGTR2Q6BB,chimpanzees,9
SGTR2Q6BB,peacocks,6
SMXCRBLMF,cat,3
SMXCRBLMF,dog,3
SMXCRBLMF,fish,3
SMXCRBLMF,bird,3
SMXCRBLMF,elephant,7
SMXCRBLMF,tiger,4
SMXCRBLMF,giraffe,4
SMXCRBLMF,hippo,4
SMXCRBLMF,possum,5
SMXCRBLMF,turtles,6
SMXCRBLMF,chickens,6
SMXCRBLMF,horses,6
SMXCRBLMF,llamas,5
SMXCRBLMF,eagles,5
SMXCRBLMF,lemurs,5
SMXCRBLMF,bats,4
SMXCRBLMF,fish,3
SMXCRBLMF,whales,4
SMXCRBLMF,crabs,5
SMXCRBLMF,lions,5
SMXCRBLMF,bears,4
SP89008WC,mouse,3
SP89008WC,cat,3
SP89008WC,dog,3
SP89008WC,cow,2
SP89008WC,goat,3
SP89008WC,chicken,5
SP89008WC,elephant,7
SP89008WC,horse,4
SP89008WC,giraffe,4
SP89008WC,bear,3
SP89008WC,grizzly bear,NA
SP89008WC,polar bear,NA
SP89008WC,penguin,7
SP89008WC,fish,3
SP89008WC,whale,3
SP89008WC,sea urchin,NA
SP89008WC,jellyfish,7
SP89008WC,flounder,6
SP89008WC,baboon,5
SP89008WC,monkey,5
SP89008WC,bird,3
SP89008WC,parrot,5
SP89008WC,parakeet,7
SP89008WC,toucan,NA
SP89008WC,blue herron,NA
SP89008WC,turtle,5
SP89008WC,frog,4
SP89008WC,lizard,5
SP89008WC,ferret,5
SP89008WC,mink,4
SP89008WC,fox,4
SP89008WC,rabbit,5
SP89008WC,deer,3
SP89008WC,moose,3
SP89008WC,elk,3
SP89008WC,buffalo,6
SP89008WC,ram,3
SP89008WC,sheep,3
S4BWCI343,cat,3
S4BWCI343,dog,3
S4BWCI343,rabbit,5
S4BWCI343,hen,3
S4BWCI343,pig,3
S4BWCI343,cow,2
S4BWCI343,horse,4
S4BWCI343,hog,3
S4BWCI343,goat,3
S4BWCI343,lamb,3
S4BWCI343,sheep,3
S4BWCI343,rooster,5
S4BWCI343,tiger,4
S4BWCI343,lion,4
S4BWCI343,bear,3
S4BWCI343,hippopotamus,11
S4BWCI343,rhinoceros,8
S4BWCI343,koala,5
S4BWCI343,kangaroo,6
S4BWCI343,donkey,5
S4BWCI343,lemur,4
S4BWCI343,alpaca,6
S4BWCI343,llama,4
S4BWCI343,snake,4
S4BWCI343,leopard,5
S4BWCI343,iguana,6
S4BWCI343,gecko,4
S4BWCI343,camel,5
S4BWCI343,giraffe,4
SI97V126S,lion,4
SI97V126S,gorilla,5
SI97V126S,tiger,4
SI97V126S,elephant,7
SI97V126S,seal,3
SI97V126S,antelope,7
SI97V126S,muskrat,7
SI97V126S,rat,3
SI97V126S,dog,3
SI97V126S,cat,3
SI97V126S,bird,3
SI97V126S,tuna fish,NA
SI97V126S,whale,3
SI97V126S,swordfish,7
SI97V126S,flounder,6
SI97V126S,sea bass,NA
SI97V126S,ant,3
SI97V126S,eagle,4
SI97V126S,hawk,3
SI97V126S,bluebird,6
SI97V126S,sunfish,6
SI97V126S,snakes,5
SI97V126S,muskrat,7
SI97V126S,tiger cubs,NA
SI97V126S,elephants,8
SI97V126S,pigs,4
SI97V126S,seahawks,6
SL7UQL383,cat,3
SL7UQL383,dog,3
SL7UQL383,mouse,3
SL7UQL383,lion,4
SL7UQL383,tiger,4
SL7UQL383,cheetah,4
SL7UQL383,monkey,5
SL7UQL383,snake,4
SL7UQL383,zebra,5
SL7UQL383,alligator,7
SL7UQL383,crocodile,8
SL7UQL383,chicken,5
SL7UQL383,rooster,5
SL7UQL383,pig,3
SL7UQL383,cow,2
SL7UQL383,calf,3
SL7UQL383,sheep,3
SL7UQL383,goat,3
SL7UQL383,llama,4
SL7UQL383,alpaca,6
SL7UQL383,penguin,7
SL7UQL383,platypus,8
SL7UQL383,aardvark,7
SL7UQL383,bear,3
SL7UQL383,ape,2
SL7UQL383,babboon,NA
SL7UQL383,panther,5
SL7UQL383,ocelot,6
SYCR5Q5ZM,cat,3
SYCR5Q5ZM,dog,3
SYCR5Q5ZM,zebra,5
SYCR5Q5ZM,giraffe,4
SYCR5Q5ZM,tiger,4
SYCR5Q5ZM,elephant,7
SYCR5Q5ZM,monkey,5
SYCR5Q5ZM,chimpanzee,8
SYCR5Q5ZM,gorilla,5
SYCR5Q5ZM,snake,4
SYCR5Q5ZM,bird,3
SYCR5Q5ZM,worm,3
SYCR5Q5ZM,camels,6
SYCR5Q5ZM,elephants,8
SYCR5Q5ZM,dogs,4
SYCR5Q5ZM,cheetahs,5
SYCR5Q5ZM,bear,3
SYCR5Q5ZM,panda bear,NA
SYCR5Q5ZM,hippo,4
SYCR5Q5ZM,rhinoceros,8
SYCR5Q5ZM,alligator,7
SYCR5Q5ZM,chimpanzee,8
STT2T3HJQ,bull,3
STT2T3HJQ,fox,4
STT2T3HJQ,cow,2
STT2T3HJQ,gorilla,5
STT2T3HJQ,giraffe,4
STT2T3HJQ,cat,3
STT2T3HJQ,dog,3
STT2T3HJQ,hippopotamus,11
STT2T3HJQ,rhino,4
STT2T3HJQ,hawk,3
STT2T3HJQ,vulture,5
STT2T3HJQ,alligator,7
STT2T3HJQ,crocodile,8
STT2T3HJQ,water buffalo,NA
STT2T3HJQ,oxen,5
SRKBSMM43,dog,3
SRKBSMM43,cat,3
SRKBSMM43,horse,4
SRKBSMM43,sheep,3
SRKBSMM43,cow,2
SRKBSMM43,turtle,5
SRKBSMM43,shark,4
SRKBSMM43,squirrel,6
SRKBSMM43,fox,4
SRKBSMM43,deer,3
SRKBSMM43,lion,4
SRKBSMM43,tiger,4
SRKBSMM43,bear,3
SRKBSMM43,horse,4
SRKBSMM43,camel,5
SRKBSMM43,mule,4
SRKBSMM43,pig,3
SRKBSMM43,lamb,3
SRKBSMM43,chicken,5
SRKBSMM43,hen,3
SV3JPE96P,cow,2
SV3JPE96P,zebra,5
SV3JPE96P,elephant,7
SV3JPE96P,snake,4
SV3JPE96P,lion,4
SV3JPE96P,chimpanzee,8
SV3JPE96P,gorilla,5
SV3JPE96P,eagle,4
SV3JPE96P,pelican,7
SV3JPE96P,giraffe,4
SV3JPE96P,turtles,6
SV3JPE96P,alligators,8
SV3JPE96P,lion,4
SV3JPE96P,tiger,4
SV3JPE96P,zebra,5
SV3JPE96P,bear,3
S1L1BLFPO,cat,3
S1L1BLFPO,dog,3
S1L1BLFPO,parakeet,7
S1L1BLFPO,lion,4
S1L1BLFPO,tiger,4
S1L1BLFPO,zebra,5
S1L1BLFPO,rooster,5
S1L1BLFPO,deer,3
S1L1BLFPO,fox,4
S1L1BLFPO,snake,4
S1L1BLFPO,chicken,5
S1L1BLFPO,parakeet,7
S1L1BLFPO,hippopotamus,11
S1L1BLFPO,rhinoceros,8
S1L1BLFPO,mountain lion,NA
S1L1BLFPO,gorilla,5
S1L1BLFPO,monkey,5
S1L1BLFPO,whale,3
S1L1BLFPO,skunk,5
S1L1BLFPO,racoon,NA
S1L1BLFPO,possum,5
S1L1BLFPO,mouse,3
S1L1BLFPO,rat,3
S1L1BLFPO,tick,3
S1L1BLFPO,flea,3
S1L1BLFPO,beaver,4
S1L1BLFPO,mosquito,7
SSC66K9JX,cat,3
SSC66K9JX,dog,3
SSC66K9JX,mouse,3
SSC66K9JX,moose,3
SSC66K9JX,rabbit,5
SSC66K9JX,squirrel,6
SSC66K9JX,deer,3
SSC66K9JX,sheep,3
SSC66K9JX,cow,2
SSC66K9JX,aardvark,7
SSC66K9JX,anteater,6
SSC66K9JX,llama,4
SSC66K9JX,alpaca,6
SSC66K9JX,fox,4
SSC66K9JX,mule,4
SSC66K9JX,rat,3
SSC66K9JX,bird,3
SSC66K9JX,shark,4
SSC66K9JX,dolphin,6
SSC66K9JX,whale,3
SSC66K9JX,fish,3
SSC66K9JX,spider,5
SSC66K9JX,ant,3
SSC66K9JX,cockroach,6
SSC66K9JX,snake,4
SSC66K9JX,alligator,7
SSC66K9JX,crocodile,8
SSC66K9JX,pig,3
S1RQTIKHE,bear,3
S1RQTIKHE,tiger,4
S1RQTIKHE,lion,4
S1RQTIKHE,cat,3
S1RQTIKHE,dog,3
S1RQTIKHE,racoon,NA
S1RQTIKHE,possum,5
S1RQTIKHE,deer,3
S1RQTIKHE,rhinoceros,8
S1RQTIKHE,elephant,7
S1RQTIKHE,cheetah,4
S1RQTIKHE,gerbil,NA
S1RQTIKHE,mouse,3
S1RQTIKHE,bird,3
S1RQTIKHE,whale,3
S1RQTIKHE,dolphin,6
S1RQTIKHE,fish,3
S1RQTIKHE,stingray,NA
S1RQTIKHE,octopus,7
S1RQTIKHE,snail,4
S1RQTIKHE,crab,4
S1RQTIKHE,cow,2
S1RQTIKHE,sheep,3
S2FJZIKF5,giraffe,4
S2FJZIKF5,ape,2
S2FJZIKF5,gorilla,5
S2FJZIKF5,cat,3
S2FJZIKF5,dog,3
S2FJZIKF5,fish,3
S2FJZIKF5,fox,4
S2FJZIKF5,possum,5
S2FJZIKF5,deer,3
S2FJZIKF5,duck,3
S2FJZIKF5,bear,3
S2FJZIKF5,tiger,4
S2FJZIKF5,lion,4
S2FJZIKF5,panther,5
S2FJZIKF5,elephant,7
S2FJZIKF5,penguin,7
S2FJZIKF5,cheetah,4
S2FJZIKF5,crocodile,8
S2FJZIKF5,parrot,5
S2FJZIKF5,hawk,3
S2FJZIKF5,shark,4
S2FJZIKF5,polar bear,NA
S2FJZIKF5,rat,3
S2FJZIKF5,squirrel,6
S2FJZIKF5,pigeon,5
S2FJZIKF5,canary,6
SLS0503DX,cat,3
SLS0503DX,dog,3
SLS0503DX,horse,4
SLS0503DX,rabbit,5
SLS0503DX,racoon,NA
SLS0503DX,turkey,4
SLS0503DX,chicken,5
SLS0503DX,cow,2
SLS0503DX,beep?,NA
SLS0503DX,bird,3
SLS0503DX,rooster,5
SLS0503DX,lion,4
SLS0503DX,tiger,4
SLS0503DX,bear,3
SLS0503DX,camel,5
SLS0503DX,sheep,3
SLS0503DX,goat,3
SLS0503DX,rabbit,5
S1CF93JY9,cat,3
S1CF93JY9,dog,3
S1CF93JY9,alligator,7
S1CF93JY9,giraffe,4
S1CF93JY9,hippopotamus,11
S1CF93JY9,tiger,4
S1CF93JY9,chicken,5
S1CF93JY9,lion,4
S1CF93JY9,chimpanzee,8
S1CF93JY9,hippopotamus,11
S1CF93JY9,fish,3
S1CF93JY9,giraffe,4
S1CF93JY9,kangaroo,6
S1CF93JY9,mouse,3
SYDOVXOPS,cat,3
SYDOVXOPS,dog,3
SYDOVXOPS,alligator,7
SYDOVXOPS,squirrel,6
SYDOVXOPS,rat,3
SYDOVXOPS,fox,4
SYDOVXOPS,elephant,7
SYDOVXOPS,tiger,4
SYDOVXOPS,lion,4
SYDOVXOPS,monkey,5
SYDOVXOPS,giraffe,4
SYDOVXOPS,cow,2
SYDOVXOPS,horse,4
SYDOVXOPS,kangaroo,6
SYDOVXOPS,zebra,5
SYDOVXOPS,duck,3
SH4PIK3J7,dog,3
SH4PIK3J7,cat,3
SH4PIK3J7,rat,3
SH4PIK3J7,turtle,5
SH4PIK3J7,giraffe,4
SH4PIK3J7,alligator,7
SH4PIK3J7,moose,3
SH4PIK3J7,cow,2
SH4PIK3J7,horse,4
SH4PIK3J7,bird,3
SH4PIK3J7,tiger,4
SH4PIK3J7,lion,4
SH4PIK3J7,boar,3
SH4PIK3J7,eagle,4
STNFRBHKU,jackass,5
STNFRBHKU,buffalo,6
STNFRBHKU,cheetah,4
STNFRBHKU,deer,3
STNFRBHKU,giraffe,4
STNFRBHKU,alligator,7
STNFRBHKU,crocodile,8
STNFRBHKU,goldfish,7
STNFRBHKU,horse,4
STNFRBHKU,cat,3
STNFRBHKU,dog,3
STNFRBHKU,pig,3
STNFRBHKU,cow,2
STNFRBHKU,sheep,3
STNFRBHKU,goat,3
STNFRBHKU,llama,4
STNFRBHKU,zebra,5
STNFRBHKU,bison,5
STNFRBHKU,jaguar,6
STNFRBHKU,chimp,4
STNFRBHKU,monkey,5
STNFRBHKU,gorilla,5
STNFRBHKU,baboon,5
STNFRBHKU,rat,3
STNFRBHKU,mouse,3
STNFRBHKU,ant,3
STNFRBHKU,grasshopper,8
STNFRBHKU,cicada,6
STNFRBHKU,flyiing mantis,NA
STNFRBHKU,dove,3
STNFRBHKU,eagle,4
SGWHJQFF1,alligator,7
SGWHJQFF1,aardvark,7
SGWHJQFF1,bear,3
SGWHJQFF1,bug,3
SGWHJQFF1,cat,3
SGWHJQFF1,cheetah,4
SGWHJQFF1,dog,3
SGWHJQFF1,elephant,7
SGWHJQFF1,fox,4
SGWHJQFF1,goat,3
SGWHJQFF1,gnu,2
SGWHJQFF1,horse,4
SGWHJQFF1,hare,3
SGWHJQFF1,kangaroo,6
SGWHJQFF1,llama,4
SGWHJQFF1,lion,4
SGWHJQFF1,mare,3
SGWHJQFF1,possum,5
SGWHJQFF1,panda bear,NA
SGWHJQFF1,rabbit,5
SGWHJQFF1,NA,NA
S581TAEKT,cat,3
S581TAEKT,dog,3
S581TAEKT,horse,4
S581TAEKT,mouse,3
S581TAEKT,rat,3
S581TAEKT,orangutan,8
S581TAEKT,gorilla,5
S581TAEKT,chimpanzee,8
S581TAEKT,howler monkey,NA
S581TAEKT,spider monkey,NA
S581TAEKT,dolphin,6
S581TAEKT,porpoise,6
S581TAEKT,killer whale,NA
S581TAEKT,gray whale,NA
S581TAEKT,sperm whale,NA
S581TAEKT,blue whale,NA
S581TAEKT,elephant,7
S581TAEKT,wildebeest,NA
S581TAEKT,gazelle,5
S581TAEKT,giraffe,4
S581TAEKT,cow,2
S581TAEKT,pig,3
S581TAEKT,hawk,3
S581TAEKT,bat,3
S581TAEKT,beetle,5
S581TAEKT,dog,3
S581TAEKT,wolf,4
S581TAEKT,lion,4
S581TAEKT,tiger,4
S581TAEKT,bear,3
S581TAEKT,shark,4
S581TAEKT,whale shark,NA
S581TAEKT,snake,4
